,Case,AvgMeanCurvature,ComputeArea,Volume,ShapeIndex,Curvedness,FractalDimension
0,1,0.06717379400000001,21999.701,88443.57,0.30980518,0.034559082000000005,2.08501095059
1,2,0.06449938,18977.455,81180.38,0.31309313,0.03025987,2.08795756628
2,3,0.07516244,18547.445,76087.93,0.31602448,0.035242695,2.08111488249
3,4,0.14977425,19201.254,57474.113,0.27992055,0.056851204,2.07652922458
4,5,0.11214434,28584.367000000002,80436.375,0.28187236,0.039407384,2.0859290109
5,6,0.25270548,18395.416,49170.72,0.27621427,0.07758199,2.0856279910900004
6,7,0.66621315,25580.686,73923.84,0.27552804,0.06641885,2.08342852137
7,8,0.24075449,878.37683,1203.9509,0.43630835,0.14587146,2.1185930591699997
8,9,0.0757354,9393.175,36237.27,0.33300924,0.05055573,2.07573641616
9,10,0.120247014,12190.402,33533.676,0.32351583,0.08876479400000001,2.15170210905
10,11,0.077214226,11628.141000000001,39016.215,0.29114607,0.049282957,2.0975171281000002
11,12,0.07805110000000001,12521.206,40288.883,0.2932285,0.043827772,2.10259356716
12,13,0.13299042,11133.446000000002,28927.35,0.29172418,0.06598361,2.09806063382
13,14,0.071747884,14081.013,51757.38,0.30131894,0.03939031,2.11036149513
14,15,0.08425415,9983.264000000001,31261.8,0.30829212,0.06378958,2.09311944726
15,16,0.0997734,12908.738000000001,36651.59,0.25597033,0.061180505999999996,2.07607365577
16,17,0.06933605,12929.328000000001,52534.363,0.3120002,0.04076258,2.0975947464099995
17,18,0.07908380000000001,10835.528,39012.367,0.29677337,0.048007682,2.08995227837
18,19,0.09221928,15223.857,47218.973,0.30425823,0.04197904,2.08150187337
19,20,0.090373695,15870.223,51612.453,0.29547557,0.041072246,2.08371318732
20,21,0.08404779,15658.007,51416.687999999995,0.29115644,0.041891914,2.08486931913
21,22,0.07353526,12562.04,38809.96,0.25536624,0.048539045999999995,2.07806322962
22,23,0.06277266,19913.35,89649.375,0.32956576,0.029305791,2.088898741
23,24,0.07123232,13024.126,46978.703,0.30113715,0.04774908,2.10162422194
24,25,0.14812401,9281.32,23506.654,0.27424607,0.076808855,2.08439461844
25,26,0.07337975,11330.938999999998,46057.8,0.32631883,0.04042185,2.0847490307
26,27,0.06355545,16072.65,63596.74,0.299435,0.035085116,2.08755448385
27,28,0.08851352,9227.044,26143.652000000002,0.2989653,0.065712325,2.0944111407099997
28,29,0.32321456,324.9855,363.2587,0.30363518,0.34081290000000003,2.12761713675
29,30,-0.20241588,14174.764,34400.707,0.28288993,0.9851199,2.0816049808000003
30,31,-1.4044151000000002,14267.235,33493.156,0.31536832,6.4432774,2.1040810055000003
31,32,0.06873823,14677.457,54883.155999999995,0.29681906,0.035382174,2.08378790943
32,33,0.07784317,13744.235,64070.312000000005,0.38294235,0.05570765,2.0780035301499997
33,34,0.06512106,15894.636,68230.766,0.31793740000000004,0.03505377,2.0914404529499997
34,35,0.062536284,16850.811999999998,82006.24,0.3548062,0.02830789,2.0837055484700002
35,36,0.07065004,13018.323,47573.75,0.29088745,0.04083795,2.07934000018
36,37,0.11754277,15235.594,46652.99,0.262629,0.05701394,2.0849137710299996
37,38,0.06848258,16188.839,66779.055,0.3110417,0.03467226,2.08916814156
38,39,0.08664319,18144.328,76864.87,0.33582044,0.03749885,2.08242171755
39,40,0.076222435,12069.618999999999,44812.996,0.30243176,0.044098414,2.0893697005700003
40,41,0.06652112,13995.757,49041.344000000005,0.29730168,0.03801457,2.0891096221
41,42,0.1975015,8647.319,18959.195,0.37361884,0.0952177,2.156274384
42,43,0.07448168,14077.232,38791.81,0.24540623,0.053021665999999995,2.10092612757
43,44,0.10073243,12774.605,39465.105,0.3373576,0.046589315,2.0936780114099998
44,45,0.20334692,1775.5391,2724.5796,0.46982735,0.12252241400000001,2.05267801414
45,46,0.46706137,124.7645,106.52708,0.30774033,0.4874612,2.11316789936
46,47,0.114099115,12096.261999999999,28463.007999999998,0.30246687,0.056434594000000005,2.0678833904099996
47,48,0.31204185,3017.4640000000004,4055.9802,0.5271964,0.31533667,2.12459980121
48,49,0.06954525,12879.473999999998,48274.97,0.3045257,0.038178876,2.09129472292
49,50,0.06943904,14312.946000000002,54500.66,0.31902078,0.03304809,2.08910586756
50,51,0.0955283,34165.555,142984.42,0.30921984,0.039249685,2.07562701703
51,52,0.123528294,12913.333999999999,38480.836,0.29462814,0.061383292,2.09045603478
52,53,0.078851,15487.36,51434.41,0.29123706,0.041354194,2.08251187779
53,54,0.78202784,33708.555,115675.266,0.30175108,0.057214155999999995,2.08518177844
54,55,0.10411107,36763.6,135871.6,0.29616514,0.039454762000000004,2.07105939645
55,56,0.057329986,11302.066,61587.355,0.37356490000000003,0.05909734,2.11057438409
56,57,0.061830237999999996,18563.863,85685.38,0.31756106,0.030012932000000003,2.0918512165200003
57,58,0.0620776,16881.436,65715.12,0.28641197,0.038858667,2.0977821673299997
58,59,0.06611321,12502.298999999999,60126.992,0.36043334,0.051273327,2.10304227281
59,60,0.059737742,20937.139,86261.16,0.29473174,0.032041732,2.09248502437
60,61,0.083002895,11687.446000000002,34069.273,0.25317803,0.059668257999999995,2.09031814063
61,62,0.08411923,18285.115,62091.14,0.29800716,0.043699335,2.0753002677000003
62,63,0.07946047,18329.87,70493.02,0.27657056,0.044530608,2.09096083045
63,64,0.07897345,15269.24,42080.293,0.24971654,0.04892651,2.09425796257
64,65,0.07729937,17205.74,65796.56,0.30536562,0.03583302,2.08665417409
65,66,0.073422015,14519.92,53600.39,0.30133542,0.036431427999999995,2.08938650245
66,67,0.19618270000000002,7096.8716,12851.128,0.4098773,0.0948248,2.10197385258
67,68,0.16327968,5405.064,9905.104,0.42643628,0.09174858,2.05626188654
68,69,0.10348641,8036.451,23611.316000000003,0.37614927,0.07572144,2.07061050011
69,70,0.07782182,14891.583,57408.664000000004,0.31232938,0.042035498,2.08445323359
70,71,0.08363008,10501.94,31375.76,0.279337,0.053450283,2.07581960958
71,72,0.08851981,17808.676,64908.26,0.30850494,0.04486756,2.0832215169299997
72,73,0.072827935,17407.52,67737.9,0.30094048,0.035327382000000004,2.06788298224
73,74,0.07948046,14837.306999999999,48708.125,0.2790756,0.045942813,2.08824291244
74,75,0.08191996,12091.276000000002,44957.155999999995,0.30095524,0.04174598,2.0827312922
75,76,0.07271391,16050.438,69222.01,0.34456359999999997,0.033113252,2.09113821104
76,77,0.07675485,13954.194,44605.363,0.26917732,0.04619497400000001,2.0890442387599997
77,78,0.083070986,19566.305,80113.07,0.3360585,0.033949732999999996,2.08208074783
78,79,0.088106595,12222.927,32745.482000000004,0.2631872,0.05745275,2.10993721104
79,80,0.12565249,18537.933999999997,48791.94,0.26828218,0.05303496,2.07716395113
80,81,0.07935897,13286.171999999999,45204.742,0.31569725,0.041174755,2.09336304681
81,82,0.12529218,11571.603000000001,25162.832000000002,0.25107667,0.06939632400000001,2.06922782622
82,83,0.09637653,11333.339,32430.16,0.30342355,0.057782874000000005,2.08267023354
83,84,0.10121424,13038.919,41034.074,0.31734282,0.052466027,2.08714426975
84,85,0.1098846,10018.078000000001,24314.27,0.3177612,0.072262816,2.07138327317
85,86,0.097888395,14699.104,41114.625,0.27653940000000005,0.054244947,2.0961969539300003
86,87,0.1818145,5905.734,10030.571,0.45641518,0.09668574,2.1324143655400003
87,88,0.121018544,17266.766,43708.465,0.27375212,0.06448913,2.09488545988
88,89,0.13413222,9970.664,21225.572,0.28512245,0.07193301,2.11204722841
89,90,0.06543869,16677.404,70848.72,0.29194334,0.03536012,2.10788635488
90,91,0.09046425,10986.851,37046.414,0.30769563,0.05443386,2.0964081060699997
91,92,0.12635969,9879.478000000001,22438.213,0.3319453,0.06855526599999999,2.09365888962
92,93,0.081420064,14129.341,45418.905999999995,0.30259863,0.042505372,2.0888565265
93,94,0.08610830000000001,11869.452,32827.86,0.23294054,0.05616411,2.0852367796799998
94,95,0.09125205,19344.95,64926.57,0.28207109999999996,0.041385717999999995,2.08019807309
95,96,0.12014729,14229.955,47097.387,0.31911802,0.040677104,2.06597083144
96,97,0.10373823,13986.694,39305.8,0.29394636,0.047568254000000004,2.07332486657
97,98,0.10421096,8375.945,15836.489,0.22321635,0.07403591,2.09805965867
98,99,0.09122874,13130.958,39129.27,0.2819363,0.050360024,2.0957124081400003
99,100,0.06512578,16072.53,65146.137,0.30866626,0.032488044,2.0967984025799997
100,101,0.06324126,11379.587,58124.31,0.3843646,0.047645062,2.0890435315
101,102,0.07545687,10100.869,42289.45,0.35788109999999995,0.03952853,2.09015291396
102,103,0.06558493,16120.211000000001,68362.75,0.30429322,0.03689965,2.08779410846
103,104,-1.7466688000000001,11050.766000000001,29173.07,0.26760867,8.373819000000001,2.20616523884
104,105,0.13368885,6712.2847,15316.565,0.3906873,0.08781118,2.19662381836
105,106,0.08892991,13922.255,49562.12,0.29397637,0.04500587,2.07548967523
106,107,0.07732022599999999,18338.89,81597.516,0.34509465,0.036757517999999996,2.09186516404
107,108,0.07294015599999999,14443.146,62603.832,0.32974112,0.03542912,2.09738878404
108,109,0.10162645599999999,10636.72,29225.887000000002,0.27155435,0.07269934,2.08960494664
109,110,0.13422258,7898.9717,20176.014,0.3195844,0.085499674,2.0969204541599997
110,111,0.108492315,17668.432,61902.605,0.3314259,0.04552149,2.07574236714
111,112,0.10227739,10528.195,26666.494,0.27209744,0.06642418,2.11373940291
112,113,0.08853478,14821.318000000001,41741.973,0.2827111,0.050130497999999996,2.09482006896
113,114,0.19994636,9568.315,20696.564,0.27426296,0.084506065,2.09080920496
114,115,0.17664532,3054.0037,5962.224,0.4704284000000001,0.10992558,2.2105975996700002
115,116,0.1326805,11526.086000000001,28813.334,0.28757158,0.06313827,2.08126430093
116,117,0.12282285,9145.874,18966.968999999997,0.33342716,0.07537256,2.1405141749200003
117,118,0.08710107,13928.685,45463.45,0.29387477,0.041526675,2.07945422519
118,119,0.17046002,9406.07,20281.842,0.311992,0.08254014,2.10343248094
119,120,0.06748146,12705.916000000001,47832.297,0.29950570000000004,0.043815505,2.10123024311
120,121,0.08200228,22594.414,68443.42,0.24640456,0.04358085,2.0781405634
121,122,0.07069753,9680.026,35687.64,0.30060136,0.054087736,2.10252195902
122,123,0.07940571,22024.207000000002,89744.64,0.3125355,0.035672944,2.08646701735
123,124,0.07743072,22689.373,92579.31,0.3116572,0.03129678,2.0961533873700002
124,125,0.07359910000000001,24177.236,91888.41,0.30229609999999996,0.032919277000000004,2.0848327203
125,126,0.08415505,21952.47,86239.6,0.30920127,0.043401204000000006,2.0703527104
126,127,0.14986324,24294.924,70403.13,0.30672696,0.054254122,2.0779762381299998
127,128,0.12313373,19627.38,51516.76,0.30403692,0.055181812000000004,2.0909100351400003
128,129,0.068887345,18470.217,79235.25,0.31288509999999997,0.029849628,2.08903940712
129,130,0.072767906,25236.593999999997,98402.73,0.29680085,0.03802709,2.0910804825200002
130,131,0.076598085,9102.129,35764.62,0.34501654,0.046918854,2.0873360179700002
131,132,0.07286019,17046.314,70502.07,0.32736605,0.039046383999999996,2.09361145446
132,133,0.071696855,22470.07,109073.19,0.3239925,0.029978802000000002,2.09273193297
133,134,0.07985948,7441.2095,28249.459,0.3837407,0.058740999999999995,2.12481006552
134,135,0.08884249999999999,7995.6978,31174.627,0.39017752,0.052684367,2.1176389537099998
135,136,0.07690977,11920.271999999999,41663.9,0.3008059,0.0434904,2.08145051926
136,138,0.09499151,6381.306,22604.664,0.37408579999999997,0.06173316400000001,2.0761410201
137,139,0.5791304,20992.31,74015.24,0.28596459999999996,0.042712383,2.0858106099300002
138,140,0.15276441,11111.673999999999,27361.99,0.27945745,0.07511703,2.0915375457599996
139,141,0.12596186,10595.963,24225.04,0.29590803,0.06922325,2.1216910930900004
140,142,0.08697391,12817.351,41263.363,0.31213468,0.045016095,2.09429232645
141,143,0.3000523,1005.20276,1161.5208,0.4924803,0.16791569,2.1200627621
142,144,0.19971667,6184.608,10267.358,0.37539405,0.10315696,2.1545121329
143,145,0.07099121,17217.797,77766.664,0.32745954,0.03603335,2.08843707309
144,146,0.06543555,16805.99,64676.79,0.27287275,0.04355999,2.09292847252
145,147,0.06771257,24478.222999999998,116624.13,0.35061592,0.030646903,2.09374715381
146,148,0.06969855,16737.654,74994.42,0.33601564,0.032500677,2.09260902131
147,149,0.07529013,28512.84,118771.41,0.31513935,0.032608837,2.08680986664
148,150,0.07572426,10625.323999999999,38921.152,0.29736024,0.053295873,2.0839328956
149,151,0.11304954,9193.267,22311.862999999998,0.2945585,0.077229545,2.0864510661099995
150,152,0.089050144,11165.749,38569.992,0.3185817,0.05007886,2.1134220149200003
151,153,0.10966082,10488.419,25238.662,0.31325635,0.06843466,2.12063077887
152,154,0.19470182,6462.178000000001,13114.518,0.380248,0.100631185,2.1240149254400005
153,155,0.09832062,12007.68,32877.15,0.28154314,0.054959796,2.0915859396900003
154,156,0.20354351,1222.6613,1882.0327,0.42509913,0.12853855,2.0810017516599997
155,157,0.15462694,5942.7783,11541.773000000001,0.38517654,0.08679896,2.10136338624
156,158,-4.724241,11982.243999999999,26828.645,0.28990224,17.489885,2.08629866766
157,159,0.07223989999999998,26197.055,120890.47,0.32326126,0.032128613,2.0868316326
158,160,0.06974872,8678.466999999999,35377.58,0.32211483,0.054797288,2.1037918960599997
159,161,0.07628641,19953.25,85105.24,0.33343694,0.03261847,2.09065112244
160,162,0.087574355,8212.451,21573.125,0.2644007,0.07733587,2.10419262504
161,163,0.08830417,11898.2295,41548.047,0.30812064,0.04781669,2.08433423565
162,164,0.075321905,11479.923,31367.202999999998,0.23606795,0.056761175,2.09155926947
163,165,0.11654176599999999,12499.917,30235.987999999998,0.29446658,0.060528554000000005,2.0729524823
164,166,0.41060603,19008.95,61721.617,0.30300665,0.05505266,2.11860399976
165,167,0.0960365,12456.749,34270.77,0.29345748,0.05196454,2.06913616115
166,168,0.14502303,9108.495,18973.777,0.29578534,0.07733055,2.08756055885
167,169,0.19193575,8036.6704,14196.812,0.32427928,0.08564400000000001,2.0735738275999998
168,170,2.8267825,11085.472,28822.22,0.28623196,0.6988143,2.08089396052
169,171,0.078131445,19264.139,86756.35,0.2966096,0.04049888,2.06945264524
170,172,0.081444375,9970.339,33784.227,0.311856,0.05903964,2.1142025005000002
171,173,0.07321802,19895.303,73670.57,0.29134613,0.038377423,2.08134082284
172,174,0.16637051,9854.624,22815.082000000002,0.39023402,0.08461041,2.07590118517
173,175,0.050710972,13559.623,61776.844000000005,0.30061564,0.052803904000000006,2.09850592184
174,176,0.052890275,31947.506,165445.88,0.33549288,0.021076577000000003,2.08196205534
175,177,0.28740397,12203.625,27625.2,0.49071320000000007,0.08058399,2.31352096413
176,178,0.09727039999999999,19255.889,73828.13,0.30529207,0.04011537,2.08208437493
177,179,0.06833955,11048.311000000002,41187.24,0.30537543,0.04483843,2.1087200407499997
178,180,0.068666436,18757.7,82919.0,0.30094665,0.03469926,2.0840315408000003
179,181,0.08649276,23404.916,88670.71,0.29248726,0.039966322,2.08455451092
180,182,0.07728123,13622.723,37418.547,0.22953981,0.042557344000000004,2.0857994506299997
181,183,0.07494554,13357.66,57985.812000000005,0.31781729999999997,0.038120303,2.0865867824400004
182,184,0.081318185,12938.24,34309.227,0.26821366,0.055835724,2.08512365329
183,185,0.10216563,11099.237,35324.996,0.29844558,0.05849317,2.0929817002599997
184,186,0.07653349,20495.787,70376.875,0.29906452,0.037724186,2.08235086209
185,187,0.12217349,19264.332,59459.816,0.27662516,0.055127792,2.08138815627
186,188,0.08358922,11455.499,33193.04,0.27884853,0.05714021,2.0906989354900003
187,189,0.20244592,11905.069,24601.44,0.39136505,0.07657402,2.15363068793
188,190,0.20264971,1331.9221,1863.162,0.41778222,0.12672423,2.10185868892
189,191,0.06813737,17445.326,82459.805,0.36181828,0.028631505,2.0854431172599996
190,192,0.14736392,24121.674,78274.26,0.28411529999999996,0.04866541,2.07110136278
191,193,0.066471376,20198.822,97773.875,0.3613267,0.026823297000000003,2.0821962085599997
192,194,0.08289012,12560.875,44361.555,0.2888406,0.04965715,2.08926058571
193,195,0.29015842,14026.567,50540.66,0.34100085,0.046958648,2.08490773689
194,196,0.11624393599999999,11169.542,25750.27,0.28817153,0.062755264,2.08589129632
195,197,0.07691954,13324.364,46804.305,0.31629324,0.037963618,2.0818464192299997
196,198,0.08765654,14584.065,47240.09,0.2945007,0.04664237,2.08791266291
197,199,0.11944764,16853.492,54815.95,0.31105676,0.05122412,2.08676465634
198,200,0.16007602,6934.3330000000005,12780.463,0.34853292,0.09967273,2.08221519643
199,201,0.07917939,14224.961000000001,43308.668,0.28313908,0.04082116,2.08325595481
200,202,0.08565603,10434.89,28097.645,0.26636040000000005,0.05696257,2.07078468187
201,203,0.11320272,9625.7705,28217.542999999998,0.28341544,0.0642995,2.09222324627
202,204,0.06630014,11659.04,61456.207,0.39125258,0.044144105,2.10378404824
203,205,0.05942888,10165.431999999999,45954.453,0.34336758,0.06192215,2.10474843894
204,206,0.07444283,17297.56,72930.6,0.33077797,0.03784675,2.0853842857900005
205,207,0.06421481,18070.816000000003,85789.125,0.33718267,0.02889277,2.0852914823599997
206,208,0.08429838,15254.825,52144.996,0.29740834,0.04975518599999999,2.10843637191
207,209,0.06249952,20813.66,82638.01,0.29071635,0.03466981,2.09330729425
208,210,0.17078699,24802.412,80243.62,0.31533575,0.055968452,2.08474846116
209,211,0.09044693,13013.952,44765.195,0.30987087,0.040522300000000004,2.08226775979
210,212,0.09418534,9468.698,32312.121,0.32225806,0.05952695,2.09111463615
211,213,0.095985204,12760.107,44781.47,0.33861682,0.039717123,2.08299991267
212,214,0.081175335,11989.726,43723.04,0.30716303,0.03888207,2.08150476087
213,215,0.07974977,11936.39,42828.45,0.3232435,0.037653025,2.07684133054
214,216,0.12698463,11380.446000000002,35008.38,0.29171458,0.06530976,2.08661429735
215,217,0.12530513,12332.21,28977.625,0.27910143,0.06095739,2.0866600188900004
216,218,0.07999241,13621.882,46441.926,0.31102225,0.037234798,2.0885313455000003
217,219,0.13427909,10178.743,26788.635,0.32205966,0.070703335,2.11235556335
218,220,0.11969452,14645.836000000001,37033.062000000005,0.3091137,0.054687504000000005,2.08767153547
219,221,0.19803755,2859.3638,3980.9365,0.40291540000000003,0.12511891,2.1304486843599997
220,222,0.19196576,4892.134,7723.775,0.43221033,0.10147445,2.21892639127
221,223,0.05567852,12654.667,66971.01,0.37757334,0.040447906,2.09421863982
222,224,0.07039329,16216.332,74468.44,0.34108648,0.03344316,2.09200910066
223,225,0.07382842,8815.157,34671.39,0.3480821,0.04235374,2.09034870026
224,226,0.08014184,10972.328000000001,37348.98,0.30777764,0.054373223,2.07462583411
225,227,0.12916645,12919.561000000002,40733.79,0.30120257,0.052437067000000004,2.07251411397
226,228,0.081201546,12979.856000000002,42745.06,0.30955005,0.055236883,2.08250286589
227,229,0.075147614,14954.403999999999,62435.633,0.32647264,0.036886033,2.0977902470400003
228,230,0.09807999,17913.593999999997,54255.492,0.33675504,0.04259122,2.11092358089
229,231,0.15686706,4943.9976,10620.329,0.40801185,0.099016175,2.11700965499
230,232,0.16970126,11801.354,28313.701,0.30209017,0.06830779,2.0645991026
231,233,0.09467621,12158.013,40475.434,0.33766982,0.047865428,2.08742287846
232,234,0.10099745,14250.841999999999,40092.92,0.30022684,0.044319194000000006,2.07728267271
233,235,0.09120808,14119.018999999998,43597.33,0.30979565,0.044296395,2.08447208317
234,236,0.11402697,8592.735,21050.125,0.34451246,0.07210268,2.1323339143599997
235,237,0.13230573,8191.683000000001,15830.978000000001,0.33157358,0.074584484,2.08924251062
236,238,0.18727009,4078.468,6336.451,0.45358100000000007,0.111109056,2.25644462966
237,239,0.11340152,21440.01,58070.273,0.3199785,0.043034397,2.08463567875
238,240,0.15241493,24504.566000000003,64618.125,0.29396254,0.050848252999999996,2.0789283197799997
239,241,0.079753056,13993.845,45161.6,0.28785217,0.038948227,2.08153804473
240,242,0.25306657,442.25378,591.2312599999999,0.31373674,0.21042724,2.13398573566
241,243,0.07201239,38187.01,164527.1,0.2996955,0.02915672,2.08579978771
242,244,0.06422397,14401.305,57849.585999999996,0.30752006,0.03957776,2.08973393025
243,245,0.0659249,17433.12,82270.89,0.34608418,0.03160233,2.09116175708
244,246,0.069681436,12314.498,47789.824,0.30006954,0.037917495,2.09773606127
245,247,0.075808026,12954.692,40368.613,0.27435129999999996,0.049344208,2.09553757396
246,248,0.079044744,11966.642,41518.805,0.3236712,0.05014641,2.09889234718
247,249,0.07764683,11697.58,43035.176,0.29039782,0.042877375999999995,2.0977139792900004
248,250,0.07610306,14813.943000000001,50201.195,0.28809297,0.045140494,2.0854532849200003
249,251,0.0730267,13965.396999999999,45641.742,0.27681518,0.03969867,2.08436012163
250,252,0.17302907,14013.246000000001,35377.574,0.28778043,0.07540692,2.09590471618
251,253,0.063027725,11796.332,58150.816,0.38151568,0.05113574,2.08672647087
252,254,0.06312209,13068.426000000001,68959.43,0.39443517,0.04696922,2.08086009754
253,255,0.10012774,11845.016000000001,37101.203,0.31299406,0.061294295,2.1110562460900004
254,256,0.07624392,19893.924,86210.734,0.33005404,0.032586038,2.0809832636700003
255,257,0.072983906,16327.875,76728.54,0.33340228,0.034507934,2.08583226363
256,258,0.111148715,7504.6406,14748.746000000001,0.29028740000000003,0.08128138,2.0968288539400004
257,259,0.12639885,13199.413,37093.023,0.2793796,0.052286875,2.0831162027900003
258,260,0.10737712,18751.4,64462.164000000004,0.3007703,0.04860188,2.0789612654700003
259,261,0.07147047,17108.467,76644.22,0.34199977,0.030888459,2.09158669365
260,262,0.082147054,10714.476,39503.12,0.32100594,0.051305354000000004,2.1016226438
261,263,0.15055484,5450.2344,12085.248,0.42980796,0.10142078,2.10373234057
262,264,0.07151529,21212.068,87093.55,0.32738644,0.029257149,2.08843738883
263,265,0.17856948,4285.7314,7720.896,0.43943244,0.10053106,2.13902914718
264,266,0.20752753,9231.847,19219.693,0.40044559999999996,0.17692493,2.19233932237
265,267,0.14006267,11833.755,28327.68,0.23103547,0.07114058,2.07436434368
266,268,0.06336793,16654.693,85783.04,0.35742414,0.030426462999999997,2.09683275634
267,269,0.05953303,16025.741000000002,74492.34,0.32379112,0.032371257,2.09160143062
268,270,0.06291572,15651.231000000002,70383.47,0.32728705,0.032512736,2.09134288773
269,271,0.07310122,14664.712,55670.905999999995,0.31133282,0.04098028,2.08852620118
270,272,0.08033484,16042.527,66403.34,0.30638233,0.04388269400000001,2.08876906718
271,273,0.10536292,8315.211,23521.29,0.343036,0.07493546,2.1513020634999998
272,274,0.08174554,13216.498,46930.375,0.30624855,0.044331953,2.07528715191
273,275,0.07013545,20670.718999999997,89898.44,0.32938975,0.032703806,2.0850395816
274,276,0.076672934,14523.127,47922.145,0.2947531,0.044273354,2.08942162455
275,277,0.07453234,15332.798,49134.07,0.28708908,0.042977024,2.0885257920400004
276,278,0.26978509999999994,7620.3374,23509.96,0.32959740000000004,0.07845155,2.10872102502
277,279,0.066525556,18802.035,92785.59,0.36060262,0.030731888,2.0915538223500003
278,280,0.08513071400000001,11905.898000000001,38459.145,0.27432936,0.05830885,2.0834808818
279,281,0.06728316,16489.51,71080.93,0.32719105,0.032410845,2.08736247242
280,282,0.09761049599999999,24651.562,101112.02,0.31457126,0.040780954,2.0729790457700004
281,283,0.06563658,26221.266,122788.25,0.33930892,0.026316617,2.08065721482
282,284,0.07011068599999999,14729.993999999999,68012.234,0.36153612,0.03306844,2.0970534187
283,285,0.08583867,11977.133999999998,39011.477,0.30264863,0.047724143,2.08965366701
284,286,0.124434054,9249.715,24319.209,0.32135817,0.079298526,2.09081451028
285,287,0.14549175,19440.04,59175.87,0.31177473,0.060314037,2.06982667431
286,288,0.075298876,18293.852,76736.5,0.31432962,0.033069693,2.0788802428
287,289,0.09134938,18359.014,54194.15,0.29545373,0.06477558,2.11173845512
288,290,0.20160376,7095.0283,14315.704,0.43146607,0.09732078,2.24092934195
289,291,0.07786291,14463.212,60889.015999999996,0.29952693,0.049123365,2.10668106357
290,292,0.08329254,8016.9097,29771.938,0.32575956,0.05189985,2.10345748683
291,293,0.07019067,18946.12,82742.35,0.31849778,0.03838249,2.08701191824
292,294,0.09417733,9778.8,27872.88,0.31151449999999997,0.061514672,2.10332590848
293,295,0.07802042,16450.473,54891.652,0.29941472,0.039071325,2.0913281585
294,296,0.5930542,18940.043,49283.113,0.33534575,0.07767794,2.07944707241
295,297,1.7065431,22652.352000000003,47332.74,0.26785794,3.5328057,2.11503742824
0,1,0.10738262,10805.873,29433.502,0.31296474,0.058255702,2.1506848199400004
1,2,0.06950073,12127.41,38445.793,0.27280852,0.043575324000000006,2.0970321215200003
2,3,0.12596646,9899.215,17298.584,0.26491007,0.06947426,2.09056974508
3,4,0.08974148,13683.344,38619.19,0.28938568,0.047174107,2.0756457323400004
4,5,0.10698042,11366.716,35001.926,0.34174454,0.048282843,2.0773195027
5,6,0.14618064,12774.452,35654.008,0.29374525,0.053295024,2.07958341521
6,7,0.09014282,8165.993,16844.12,0.37289083,0.15396307,2.15875702679
7,8,0.050017077,15488.714,70545.34,0.28421965,0.052497625,2.104320444
8,9,0.14609873,29641.32,114532.03,0.22452722,0.06537202,2.12929501149
9,10,0.12969324,5952.6997,16524.574,0.3440333,0.08787493,2.11517665912
10,11,0.06143065,30953.21,164782.73,0.36284679999999997,0.02291751,2.08252488865
11,12,0.0787012,12812.274,40871.74,0.28640140000000003,0.043269675,2.08572707217
12,13,0.06609153,18783.168,73200.664,0.31290890000000005,0.029051734,2.08481255113
13,14,0.07423974,11278.608,41148.96,0.30976257,0.05659493,2.08481305726
14,15,0.15034679,18975.268,73174.734,0.2800469,0.05969344,2.0910183189800002
15,16,0.070356235,12443.058,58641.27,0.35982057,0.033190116,2.09014198839
16,17,0.078923166,12469.708,49906.09,0.3327587,0.03705006,2.0922292700200003
17,18,0.07936628,17539.076,62359.41,0.31858984,0.03605478,2.0823440885499997
18,19,0.14618187,13995.385,32248.266,0.25434884,0.054738864000000005,2.07996074354
19,20,0.17395121,1534.9668,2298.2476,0.35585500000000003,0.116335206,2.2090378480900004
20,21,0.16978957,1773.3387,2696.309,0.37999770000000005,0.11775839,2.06852719938
21,22,0.07380082,13241.585,37744.484,0.25635934,0.046828557,2.08935240881
22,23,0.43265444,11576.458,18360.053,0.2922804,0.21058412,2.11659563501
23,24,0.078153655,13582.201000000001,46773.547,0.29124752,0.043975476,2.0970887288299997
24,25,0.05588117,26322.965,165908.08,0.38440025,0.024007298,2.08531411418
25,26,0.07411378,8145.365,35595.418,0.350366,0.046018705,2.09170745619
26,27,0.07874146,10233.576,38007.332,0.31970358,0.044522717999999996,2.08666010538
27,28,0.31747645,10826.291000000001,26890.86,0.32916522,5.2923540000000004,2.1641144432700004
28,29,0.11600167,13436.073999999999,41540.28,0.27817369,0.06262211,2.08990704598
29,30,0.076163106,16899.926,58354.437999999995,0.30404353,0.037512243,2.0781009833099997
30,31,0.09428327,18823.76,61255.45,0.30801809999999996,0.046593957000000005,2.08434935416
31,32,0.094638996,10408.313,25900.162,0.26601946,0.053306054000000005,2.08127462244
32,33,0.07319173,19647.797,78778.945,0.33227584,0.03225452,2.08251801991
33,34,0.08836279,22413.44,77384.67,0.32271138,0.03433287,2.0925259110799996
34,35,0.19100574,12464.6875,24959.658,0.3255309,0.09702475,2.10282240789
35,36,0.085048795,13942.818000000001,41668.645,0.30783015,0.040892575,2.07869121941
36,37,0.09557907,12908.256000000001,40870.566,0.30124715,0.046759155,2.07687450917
37,38,0.09365863,17405.83,60732.6,0.28398618,0.041481744,2.0926276023900003
38,39,0.2310721,7496.1655,16879.732,0.35460073,0.10426961,2.08219353436
39,40,0.11444171,8549.075,17897.264,0.27689615,0.06952874,2.12182138791
40,41,0.09763605,11461.774,27766.904,0.25367567,0.052377112,2.07360882154
41,42,0.08077158,11647.645,44561.11,0.33987927,0.03647113,2.0709006573599997
42,43,0.10557631,13738.857,30703.847999999998,0.24752155,0.05095799,2.08428491045
43,44,0.3436007,358.46732000000003,368.8323,0.31097418,0.29157802,2.10695833189
44,45,0.17415033,13220.761,30665.058999999997,0.26522338,0.057635807000000004,2.08431881824
45,46,0.08268218,24370.99,86521.81,0.31004965,0.03612823,2.07959659139
46,47,0.11308831,17338.94,34818.492,0.25818315,0.04882436,2.08736048383
47,48,0.09706654,11469.516000000001,29476.81,0.28735879999999997,0.054004196,2.08222237376
48,49,0.09174582,13250.733,41013.594,0.29911906,0.04217101,2.0785250724599997
49,50,0.106344424,25252.936,84441.695,0.33474332,0.04185521,2.09626930426
50,51,0.19114453,5488.1157,10190.462,0.45910972,0.20318004,2.08872790285
51,52,0.11479345,27717.142999999996,147979.19,0.34867093,0.04298442,2.0806371464099995
52,53,0.0885122,17881.545,58189.508,0.2820222,0.048717417,2.0928901586
53,54,0.1886329,7623.0684,13746.399,0.42486605,0.089033835,2.14111951226
54,55,0.0917814,13782.399,41862.715,0.28020263,0.04564183,2.09176204672
55,56,0.10400091,23305.47,66490.52,0.29303336,0.040574934,2.08568836379
56,57,0.23517467,464.63077000000004,721.80225,0.34540970000000004,0.18049833,2.10491116684
57,58,0.17378937,4940.9106,9099.917,0.42404294,0.09559728,2.1579530905400004
58,59,0.10318154,10969.958,30159.227000000003,0.30239198,0.04981577400000001,2.08000127048
59,60,0.101184964,15202.344,43440.617,0.29353356,0.043062095,2.08253684289
60,61,0.09423194,15043.774,47067.37,0.3197645,0.039315052,2.08598791029
61,62,0.15162547,8182.6846,14386.097,0.35055947,0.07556431,2.0810567542
62,63,0.15483381,2624.9770000000003,4901.43,0.42092344,0.097879454,2.08553738765
63,64,0.1567749,9905.058,20040.229,0.322813,0.074661314,2.0533381447099996
64,65,0.0636957,21599.688,106752.64,0.2805741,0.04489234,2.09551440046
65,66,0.07246499,11119.417,41910.094,0.31233856,0.039768677,2.0776529132
66,67,0.08884317,11069.633999999998,31796.002,0.31104857,0.04902909,2.09357136129
67,68,0.2602865,15498.112,32139.84,0.28516963,0.067824274,2.0927126166599996
68,69,0.11001076,10753.223999999998,22319.95,0.26092178,0.059268873,2.06792897729
69,70,0.15460359,21754.39,48278.746,0.2741446,0.057763065999999995,2.0607884774
70,71,1.6944723000000002,22491.941000000003,60118.465,0.28624973,0.066051364,2.0927967724400003
71,72,0.09856823,9427.165,22761.229,0.277199,0.061672565,2.0948979301299997
72,73,0.12115266,12013.247,24253.451,0.2934685,0.062268984000000006,2.05670578661
73,74,0.20183933,23134.1,55131.25,0.25166178,0.064678885,2.0652282943999998
74,75,0.17123613,7644.7056,13046.192,0.40235764,0.07852266,2.1679854769099998
75,76,0.05481809,27887.807,169304.73,0.35351520000000003,0.022915293,2.08464971784
76,77,0.07843807,8103.2534,21495.89,0.25389647,0.073096916,2.08696505563
77,78,0.13100491,8347.940999999999,22132.69,0.28714037,0.07723713,2.07020455763
78,79,0.07531692,8466.401,29355.004,0.28512102,0.06234417,2.08271439457
79,80,0.093088314,9396.767,26657.096,0.25580105,0.07464388,2.10485206701
80,81,0.05830827,11235.73,48449.723,0.32535404,0.052873928,2.0903882962
81,82,0.09625853,8586.739,24653.064,0.31392533,0.06515677,2.09454855458
82,83,0.13455348,5904.814,14605.626,0.36679736,0.08729309,2.1380028121200003
83,84,0.16866712,5555.307,11044.733,0.38154352,0.08987279,2.0702138248299997
84,85,0.14565371,8830.498,16922.287,0.31548706,0.07455263,2.05868093711
85,86,0.12905583,18503.04,39132.71,0.28775355,0.04739459,2.07553044052
86,87,0.18926741,8244.325,15350.232,0.40851763,0.07616047599999999,2.13896028226
87,89,0.07732884599999999,13215.258999999998,41730.3,0.2612618,0.05529233,2.08852226833
88,90,0.07348596,12233.858,48040.585999999996,0.30777553,0.04795875,2.08922458591
89,91,0.09572833,12474.776000000002,37074.926,0.27975842,0.052682333,2.09854853396
90,92,0.17568496,6581.1675,14330.639,0.4303745,0.09062735,2.19670195162
91,93,0.07883910000000001,12431.676000000001,39890.164,0.29575497,0.049152996,2.0969389653599997
92,94,0.17637831,4289.6025,6690.6045,0.39882788,0.10067276,2.0852016356900003
93,95,0.10420829,11350.818000000001,27077.086,0.27626723,0.06452859999999999,2.0785710015
94,96,0.09175524,11928.659,37652.152,0.31790575,0.044320352,2.0947291241099997
95,97,0.11274942,14300.677,33351.57,0.25452825,0.057530258,2.080843853
96,98,0.080698386,13162.502,42873.86,0.30031887,0.048946153,2.08435025623
97,99,0.053879708,17480.803,89749.92,0.32862216,0.06288799,2.11334491063
98,100,0.058156814,15076.716,61591.0,0.2664663,0.06310461,2.09765332622
99,101,0.06668748,19336.578,92758.22,0.3271481,0.031319126,2.0908187660900004
100,102,0.06506791,24788.996,120372.3,0.32895890000000005,0.031322672999999995,2.0973373793
101,103,0.05886330000000001,12464.67,52274.223,0.32120377,0.050939918,2.09386035859
102,104,0.0726228,13710.337,47545.87,0.29380554,0.03671372,2.08731038694
103,105,0.08396938,15781.076000000001,49091.4,0.28272498,0.036597803,2.0846683635099996
104,106,0.09122868,18586.281000000003,67206.0,0.32389959999999995,0.037319403,2.08021271319
105,107,0.113100566,21161.975,69374.695,0.3102919,0.040092055,2.08935914575
106,108,0.12113499,13823.355,25719.347999999998,0.25776762,0.05189528,2.07295458134
107,109,0.11396002,16178.1875,41982.043,0.29289547,0.049286075,2.0681462204599996
108,110,0.053988677,14304.543,76892.734,0.35420817,0.04448842,2.09366569078
109,111,0.084307514,19359.46,72186.555,0.2977829,0.036012173,2.08669080086
110,112,0.061261422999999995,12953.787,51916.523,0.30629146,0.04391880000000001,2.0899334663699998
111,113,0.07019202,15962.76,71855.05,0.3387125,0.035536554,2.08906240912
112,114,0.07629071,14634.238000000001,55278.01,0.3009429,0.04906731,2.08962942898
113,115,0.09771776,11684.538,33305.91,0.28439185,0.055087954,2.0876897312400002
114,116,0.06924683599999999,20955.068,81674.64,0.31497422,0.030754857000000003,2.08616444996
115,117,0.12947619,11660.883999999998,24673.645,0.3246882,0.058077723,2.1785126639400003
116,118,0.07436431,20899.768,78247.195,0.3348113,0.031357512000000004,2.09424120401
117,119,0.08651404,25039.914,67811.25,0.24752651,0.037143014,2.08738080501
118,120,0.14954709,7015.7534,13664.29,0.3548098,0.06735928,2.0440100936000003
119,121,0.08163903,8121.8926,31726.787,0.34266692,0.054889433,2.09613263058
120,122,0.42892826,14863.014,42344.085999999996,0.26168233,0.06527039400000001,2.10302227655
121,123,0.07040493,25255.72,98257.05,0.31358984,0.03113234,2.0922135693
122,124,0.21486327,4406.11,6753.0156,0.43919703,0.10184694,2.25901788502
123,125,0.20847814,3149.678,4770.0806,0.46297348,0.11656581,2.19376400636
124,126,0.18656129999999999,1640.5707,2402.5029999999997,0.45661503,0.1096527,2.1114195658200003
125,127,0.14727348,7151.86,14114.35,0.39674643,0.07902329,2.0758478610699997
126,128,0.09436798,21188.332000000002,72252.94,0.32589594,0.034448814,2.08981519154
127,129,0.10096443,15360.175,40643.39,0.30456713,0.042706512,2.0793620254799996
128,130,0.10682639999999999,13173.796999999999,29954.72,0.269455,0.05123447,2.0787739208900002
129,131,0.23978074,4613.2104,7338.0337,0.43368712,0.107042894,2.1260290902400003
130,132,0.08513724,11465.662,32166.63,0.28510094,0.044587694000000004,2.08244416736
131,133,0.3259579,6881.0317,11873.267,0.39425588,0.08863274,2.0557464560599996
132,134,0.068382,13786.633999999998,60507.3,0.32975313,0.0359765,2.0894114099900003
133,135,0.064899154,11449.253,47185.28,0.31708533,0.04478112,2.09386802074
134,136,0.07574908,12610.728000000001,43334.477,0.28968948,0.041818697,2.08614901754
135,137,0.06436976,13017.492,52964.05,0.33421300000000004,0.05656438,2.0947067644099997
136,138,0.0846168,11606.874,35181.973,0.32942790000000005,0.046588052000000005,2.07442421949
137,139,0.07236921,16788.78,62850.75,0.3390154,0.031865835,2.0825798457599998
138,140,0.08306425,13395.965,43642.93,0.32023179999999996,0.038413953,2.0881160983
139,141,0.085974425,14914.162,44785.383,0.29807937,0.038661446,2.0850873650799997
140,142,0.18894517,9147.5625,16071.981000000002,0.3570061,0.07980767,2.15005359525
141,143,0.12199511,13332.175,32160.283,0.29380178,0.051013798,2.09398069398
142,144,0.19758686,12065.423,24022.5,0.30171078,0.079409905,2.07156561042
143,145,0.17510183,7274.394,12250.34,0.4129982,0.07151475,2.1421957296
144,146,0.115412384,6721.9985,18318.146,0.32699794,0.08999775,2.14376811075
145,147,0.08081301,12576.169,47096.484000000004,0.331219,0.037789732,2.08426561024
146,148,0.078573465,11304.1,44763.684,0.32741082,0.03907273,2.0856496360900003
147,149,0.09206103,13822.382,40663.29,0.30350062,0.042345963,2.07689867016
148,150,0.0880903,33910.453,113652.08,0.2709223,0.03842081,2.0833596856599996
149,151,0.08963747,12141.593,34223.32,0.28888386,0.04311487,2.08461258663
150,152,0.20820501,3378.9941,5640.0034,0.40376076,0.10851114,2.21137175427
151,154,0.29373324,10284.141,24042.506,0.3372912,0.07241896,2.08948498333
152,155,0.18643913,7058.6084,13392.343,0.36316550000000003,0.08291498,2.10136008174
153,156,0.2437808,995.7312,1288.7754,0.40659556,0.12940268,2.1135736276299997
154,158,0.075145856,12112.844,42739.547,0.30961356,0.039338246,2.08522196792
155,159,0.15608168,9015.385,17765.658,0.37496388,0.06612433,2.1033453454299997
156,160,0.06972111,14615.58,43525.043,0.28875536,0.04061995,2.08962933403
157,161,0.08063421,13541.566,44441.187999999995,0.3095456,0.038598116,2.0833592175
158,162,0.08639234,13640.917,46973.652,0.33431447,0.03417957,2.08458297562
159,163,0.09082541,14248.406,40696.04,0.30644318,0.040351167,2.08135911633
160,164,0.08037739,14717.061000000002,42355.71,0.27381578,0.04239333,2.08518074999
161,165,0.21770974,3366.7073,5524.3640000000005,0.4551139,0.10517199,2.10661503688
162,166,0.13033865,11648.877,24687.549,0.35839045,0.061319873,2.1459546723400003
163,167,0.0692217,11407.698,60663.707,0.42319643,0.036407027,2.09382840289
164,168,0.067730054,16689.09,74876.17,0.3446417,0.04677608,2.10142591099
165,169,0.17558426,4089.4526,10312.928,0.40067579999999997,0.10534622,2.0543913976900003
166,170,0.055587605,15003.506000000001,64880.062000000005,0.32265770000000005,0.052592865999999995,2.09693401923
167,171,0.054393582,18669.146,86010.09,0.33615923,0.043855254,2.08186589425
168,172,0.10457506,10932.889,31824.417999999998,0.3339946,0.056016807,2.16311501705
169,173,0.11455855,19284.725,50070.074,0.30942073,0.049593773,2.06931261573
170,174,0.08055071,19590.023,74191.125,0.3348083,0.038541965,2.0864423433700003
171,175,0.16532187,8447.053,16790.586,0.38421082,0.07303896,2.15211807728
172,176,0.09524921,12119.663,29546.707000000002,0.272009,0.04757239,2.08914795726
173,177,0.09874324,10850.401000000002,26985.152000000002,0.26245633,0.057012602999999995,2.08126331755
174,178,0.10004049999999999,13139.639,37659.402,0.28761,0.051100302,2.0786886397799997
175,179,0.22183076,1115.7267,1537.9797,0.38944662,0.14366642,2.0532826529299997
176,180,0.12262797,11372.125,19505.686,0.28812665,0.058676373,2.07948535166
177,181,0.07623943,23588.588,100196.67,0.35816336,0.028070426000000002,2.09122748569
178,182,0.09878677,9502.976999999999,25790.37,0.26549172,0.07072130000000001,2.08506632788
179,183,0.065334745,15103.412,56040.405999999995,0.30034970000000005,0.036922097,2.0929428360299998
180,184,0.093078785,9801.471,25935.87,0.26566473,0.052068878,2.08431210877
181,185,0.13766523,14320.586000000001,31099.612999999998,0.25962085,0.06986885,2.10070535691
182,186,0.1370911,8503.277,17177.166,0.33126977,0.07549394,2.17412694862
183,187,0.08088863,30002.312,115173.3,0.30516654,0.03568123,2.08960796711
184,188,0.12144564,13564.545,37736.266,0.38280818,0.05045941,2.18137410101
185,189,0.14188327,6101.7124,15969.461000000001,0.39526057,0.072192304,2.09684823273
186,190,0.13951325,12684.453000000001,29803.227000000003,0.30159473,0.061997324000000006,2.08946867679
187,191,0.153937,13941.767,28139.053,0.25890273,0.060930084,2.08238940028
188,192,0.082347825,16142.826000000001,51892.95,0.27407798,0.045171205,2.0904653576900003
189,193,0.10380589,11182.93,30319.145,0.2958349,0.054897398,2.08046280452
190,196,0.13250493,15861.083,26741.688,0.2418411,0.052808367,2.08999990508
191,197,0.059514455,20103.908,85586.84,0.28603676,0.04185954,2.0921535106299998
192,199,0.07185854,16637.756,76805.055,0.36327413,0.029556407000000003,2.0856276777900002
193,200,0.064320356,14493.028,56444.905999999995,0.29240832,0.039489496,2.08802183043
194,201,0.07673236,26167.076,108248.234,0.33375192,0.030813444,2.08721991998
195,202,0.7349366,10405.038,24223.766,0.28427276,0.14843546,2.07264426784
196,203,0.22924934,22115.84,68891.71,0.29051509999999997,0.050598267,2.09909340014
197,204,0.13354059,13380.704,27202.742000000002,0.26429686,0.054970566,2.07144131325
198,205,0.18769664,10905.712,23199.318,0.28356257,0.07204373,2.1327989832700003
199,206,0.21846189,2436.494,3611.0308,0.46801192,0.11117601,2.03336275043
200,207,0.35679063,20740.7,52604.875,0.2959219,0.05833823,2.09871071127
201,208,0.110959716,12250.934,26542.33,0.26720715,0.057164862999999996,2.08422196608
202,209,0.14134875,10376.9795,26764.207000000002,0.38810274,0.07065060000000001,2.08434297575
203,210,0.076281734,21423.132999999998,74186.336,0.2595188,0.04155409,2.08634228602
204,211,0.08460722,14915.69,52205.598,0.28666976,0.05317075,2.0877559129400005
205,212,0.07917506,18326.979,67743.055,0.28761268,0.03749764,2.08188910278
206,213,0.08915971,10214.502,30938.56,0.33985066,0.047202375,2.08504363495
207,214,0.20018686,11315.008,31731.924,0.28588417,0.07918513,2.11533298428
208,215,0.088105634,11001.791000000001,32819.844,0.27075344,0.05296195,2.1004537644
209,216,0.082270466,10799.896999999999,40712.004,0.35906452,0.035453435,2.08850175854
210,217,0.09110817,14090.011,40853.68,0.27450612,0.048298597,2.09244061123
211,218,0.06998254,13053.593,44379.633,0.29651120000000003,0.042929366,2.09178678195
212,220,0.12003994,12174.308,29599.158,0.28685079999999996,0.063143015,2.0782578141799997
213,221,0.09716401,15268.925,37865.547,0.25878070000000003,0.049475588,2.08816965472
214,222,0.083826445,10718.399,32974.035,0.28214288,0.047268063,2.08022021893
215,223,0.10312189,13068.171,40137.75,0.36081257,0.041816987,2.06761881277
216,224,0.07378432,16629.354,55679.765999999996,0.31389090000000003,0.03528033,2.08600605618
217,225,0.1206221,11765.178999999998,27977.049,0.28468126,0.055216602999999996,2.07018039669
218,226,0.29254857,1686.4779999999998,1798.1722,0.48691530000000005,0.12901525,2.2461489437999997
219,227,0.25800237,822.09595,1010.3269,0.38321805,0.16102633,2.1453110405799998
220,228,0.08094032,13300.348,50461.758,0.30550244,0.05044,2.08447674622
221,229,0.05587638,16453.701,70659.88,0.33046418,0.03697436,2.08555379263
222,230,0.07350005,11168.052,37613.242,0.30217186,0.047475472000000005,2.09281388792
223,231,0.0825278,32113.417999999998,137922.19,0.31017566,0.029613942,2.0833910858099998
224,232,0.07932965,11609.548,49198.023,0.34814229999999996,0.034904417,2.08721070504
225,233,0.07166592,19520.764,81962.03,0.33636972,0.030023018,2.08424732537
226,234,0.07494726,19734.172,76998.82,0.3465744,0.030770977999999997,2.0883499746700003
227,235,0.077863716,21698.922000000002,86121.484,0.32946040000000004,0.028965056,2.0863280834999998
228,236,0.08988054,17301.258,57923.832,0.31586716,0.03998147,2.0838680588
229,237,0.13541526,6606.1587,10876.731000000002,0.2664237,0.07582889,2.07936916128
230,238,0.21630363,5341.294,8422.143,0.46914476,0.10447559,2.1812487289
231,239,1.195936,9724.569,16923.926,0.30931023,0.8669460999999999,2.10790568573
232,240,0.17317493,18919.968999999997,43283.082,0.2774203,0.056073684000000006,2.0680371965
233,241,0.11347334,12846.133999999998,34821.03,0.25261956,0.06420533,2.09335535972
234,242,0.24822909,6077.3423,9674.871,0.49369955,0.09755359,2.15950526003
235,243,0.09406389,15506.781,47915.01,0.28074875,0.039597627,2.08034428335
236,244,0.18514374,9234.118,14725.033000000001,0.3296407,0.07531752,2.15750835914
237,245,0.120378375,11398.1455,24826.936,0.2517074,0.05977499,2.07191630769
238,246,0.29353446,15379.803,36733.418,0.26955450000000003,0.05194337,2.0868000256
239,247,0.10365988,15324.987,41369.25,0.3133203,0.042981975,2.0773431814400003
240,248,0.19608104,1474.1096,1973.4847,0.4336856,0.11167642,2.18627124775
241,249,0.2208379,5213.59,8887.002,0.38700536,0.08951805,2.12441050738
242,250,0.37989065,9672.565,19685.416,0.35341904,0.11336484599999999,2.06006153962
243,251,0.09263186,15917.712,43372.06,0.29312757,0.04256961,2.08938093684
244,252,0.07823549,9623.454,43216.965,0.39545304,0.036785938,2.10745276394
245,253,0.78193325,18149.986,86550.47,0.3742605,3.020689,2.10041418167
246,254,0.07702225,11636.128,48363.344000000005,0.36113173,0.03652356,2.0941389136
247,255,0.07252116,14385.383,55320.155999999995,0.34315202,0.035163656,2.0906649161099997
248,257,0.09619946,10076.578000000001,23367.477000000003,0.27517757,0.06172024,2.1050844152
249,258,0.092659175,12705.658000000001,37179.367,0.31254795,0.04847199,2.0845996275
250,259,0.09451571,13544.505,43070.905999999995,0.30188364,0.04299773,2.06740162512
251,260,0.08510733,11803.919,39575.074,0.33879566,0.037794147,2.07320302036
252,261,0.13275509,9114.915,22023.959,0.35705677,0.07019504,2.0740162710099996
253,262,0.07968259,12003.306999999999,36048.79,0.3032284,0.047788117000000005,2.08636834497
254,263,0.14928012,3650.2908,7328.9404,0.39049777,0.09797866,2.1026398317200004
255,264,0.08390938,13799.025,40652.004,0.29128304,0.041098117999999996,2.08357665817
256,265,0.18034285,13909.607,29256.984,0.3044752,0.067137524,2.11280576785
257,266,8.774051,14583.267,34218.367,0.31636006,17.487219,2.1382452967
258,267,0.09825936,18154.76,48706.95,0.28715265,0.041690707,2.0909180005400003
259,268,0.35495046,7205.578,9860.356,0.46803468,0.0931562,2.1604432346999998
260,269,0.05478979,28828.355,153888.92,0.3263241,0.025987536000000002,2.0879557924400003
261,270,0.06273565,15659.9795,58469.83,0.30072424,0.040457316,2.08300955481
262,271,0.06663421,34345.84,173629.55,0.36467147,0.024718666,2.08766649216
263,272,0.09081155,9046.844000000001,21241.754,0.26039090000000004,0.06385873,2.08440234847
264,273,0.06809849,30004.12,139865.0,0.33038583,0.029786846000000002,2.07916409273
265,274,-0.50737965,11786.651000000002,30261.326,0.26607618,3.0652735,2.16619621803
266,275,0.11641728,17244.64,44351.395,0.32684827,0.08467144,2.0903963420099996
267,276,0.22080216,7077.8,12026.341,0.43788722,0.09892156,2.1289678477000002
268,277,0.09881931,12814.7,29764.826,0.25955936,0.051142633,2.07791090079
269,278,0.089444295,14259.773000000001,45342.582,0.32505155,0.037404599999999996,2.0829205386700003
270,279,0.07901107,12113.9,38619.504,0.28874907,0.04224635,2.08476439363
271,280,0.07138507,19224.008,94631.516,0.34192009999999995,0.03383592,2.0778263955700003
272,281,0.9368636999999999,9763.533000000001,21533.24,0.33757406,0.13679059999999998,2.08990881121
273,282,0.07405219,16645.275,63615.887,0.32778320000000005,0.031610142,2.080151599
274,283,0.078515165,11498.466,39770.17,0.30493066,0.047750007000000004,2.10027646418
275,284,0.09306108,12503.628999999999,32182.82,0.24482578,0.051071495,2.1042604878
276,285,0.09199323,13836.563999999998,38899.6,0.27719134,0.043354064000000005,2.0850960788900004
277,286,0.08787017,14244.6875,45297.0,0.29677615,0.041308045,2.08990984885
278,287,0.0833971,12514.649,37020.125,0.28335905,0.05039654,2.0963001986900003
279,288,0.11695919999999999,12313.348,35592.29,0.366492,0.053983424,2.1495276432
280,289,0.09479009,19158.87,55567.277,0.28712192,0.04108242,2.0791057769599997
281,290,0.0941628,12972.25,35455.465,0.2860315,0.0456753,2.08903483555
282,291,0.07366363,11780.383999999998,42366.152,0.31911957,0.036390383,2.08719056955
283,292,0.12002481,14212.83,39332.437999999995,0.27990347,0.057029925,2.0868027648400003
284,293,0.087430276,14176.54,45130.835999999996,0.29710662,0.038057547000000004,2.09380275879
285,294,0.25545228,6367.033,10732.274,0.46723846,0.09432881,2.2149586601099998
286,295,0.16495754,1831.0449,2886.6016,0.36480874,0.10392219999999999,2.08213596315
287,296,0.08288396,17835.611,97210.14,0.35492164,0.038186934,2.08949558051
288,297,0.06473014,9551.827,40962.332,0.35807034,0.034099717,2.08793483351
289,298,0.07958530000000001,10840.893,32616.744,0.2749365,0.052396882,2.07984823469
290,299,0.062051142999999996,17775.238,83455.5,0.33814496,0.026910847,2.0812868036900003
291,300,0.07246686,12208.117,45678.48,0.31117555,0.037604764,2.08896086842
292,301,0.07721944,11280.86,45735.973,0.35916376,0.036641642,2.08030525333
293,302,0.08392904,10586.895,37726.74,0.32953772,0.045262035,2.0895774470700004
294,303,0.13559848,18622.195,49307.655999999995,0.31661713,0.057209928,2.09571682719
295,304,0.08089752,16559.627,50444.89,0.29439244,0.03884977,2.08481557953
296,305,0.090938605,23520.123,71340.195,0.29271582,0.037419535,2.09105989026
297,306,0.08967225,20142.24,63681.582,0.32286194,0.038343027,2.08782705505
298,307,0.08511876,12612.346000000001,37141.242,0.29877913,0.044345762999999996,2.09379092322
299,308,0.108079754,19299.107,43308.168,0.28885505,0.04739045,2.1065647465799997
300,309,0.1426858,9382.038,20890.152,0.32800195,0.06942768,2.07295599493
301,310,0.19394419,7426.3115,13849.918,0.42352334,0.086666845,2.2001442934599997
302,311,0.13676035,11723.031,21531.475,0.33136037,0.061462957,2.10153104887
303,312,0.066529065,19555.48,101955.95,0.3392314,0.035335075,2.08770948963
304,313,0.07214039,11262.59,40559.98,0.30147165,0.052387573,2.10607189282
305,314,0.07509830599999999,10909.833999999999,34470.8,0.27464479999999997,0.053020358,2.1058922300200003
306,315,0.08483489999999999,19111.484,75660.02,0.32123646,0.034822322,2.07973072897
307,316,0.15604176,24926.941000000003,91168.164,0.29640517,0.06416509999999999,2.0665447053099997
308,317,0.10095461,16499.717,43939.926,0.28890502,0.050393857,2.09998755075
309,318,0.064011365,12741.406,53094.18,0.2905909,0.05549309,2.10976117186
310,319,0.19931966,6430.5186,11501.458999999999,0.43118387,0.09374365,2.19899485211
311,320,0.20387402,5342.8125,9995.955,0.44190568,0.09972145,2.1770767058900002
312,321,0.094333015,11304.393,25198.104,0.25082543,0.052121602,2.0824450717
313,322,0.09969548,13792.7,38672.66,0.323459,0.04719802,2.11964141242
314,323,0.07766199,14417.938999999998,47555.335999999996,0.29361588,0.03911032,2.0872617326599996
315,324,0.102300525,20785.797,53493.207,0.2593333,0.04178975,2.09305440843
316,325,0.11121588,13549.728000000001,32461.037,0.30688903,0.0481953,2.08021385258
317,326,0.10681641,15825.551000000001,39171.8,0.2909988,0.04483001,2.07547589817
318,327,0.25345528,2683.6401,3511.4104,0.47824776,0.118762374,2.05907871388
319,328,0.22381553,7876.9067,12809.502,0.35382876,0.080046885,2.1043480535
320,329,0.16264595,14444.372,29655.9,0.27044043,0.063806675,2.0912588624
321,330,0.1049494,13949.101999999999,39707.594,0.3047881,0.04554769400000001,2.08413295002
322,331,0.08837907,13564.151000000002,36044.957,0.27910158,0.040760428,2.1002036763599996
323,332,0.14356789,11908.571000000002,24873.468999999997,0.27145752,0.08832835,2.09409850636
324,333,-0.022631314,9755.744,16206.945,0.31382826,0.8582318999999999,2.1175946211200003
325,334,0.13941287,12664.365,26209.645,0.2843728,0.060181458,2.10559469736
326,335,0.11532139999999999,19705.303,43723.742,0.26052654,0.041055947999999995,2.07574178512
327,336,0.21690707,13449.793,22369.19,0.30642888,0.07135801,2.1138408807799998
328,337,0.09606618,12841.507,44700.855,0.313082,0.04309564,2.09257852363
329,338,0.14029995,8583.53,24645.062,0.33194315,0.061498045999999994,2.06893473358
330,339,0.1506075,16908.926,39965.266,0.30855444,0.055128388,2.10243649698
331,340,0.08388256,25792.558999999997,100133.305,0.3382967,0.032415796000000004,2.08456337869
332,341,0.09441625,13810.927,42877.27,0.30649677,0.044726714,2.08207047572
333,342,0.07559765,12509.85,41356.687999999995,0.2989611,0.041918725,2.0876449673199997
334,343,0.16894531,8505.884,19363.343999999997,0.43065068,0.07004488,2.26257717439
335,344,0.08441193,14646.421,47467.242,0.32017526,0.03833782,2.0802891578900002
336,345,0.10172058,12512.181999999999,30899.033,0.27247572,0.05372023,2.07834762863
337,346,0.09872744,15164.865,38027.066,0.27948242,0.04432956,2.0829687527200003
338,347,0.21002312,4662.3013,7444.0522,0.45462346,0.100589775,2.15359512222
339,348,0.20106967,7233.9116,12663.706,0.38737935,0.3107767,2.10099891249
340,349,0.09729659,16376.553,38825.676,0.24835962,0.040277902000000004,2.08723426063
341,350,0.12266375,16170.855,33444.04,0.25725356,0.05147764,2.09267513723
342,351,0.076784514,11778.685,43012.51,0.30264705,0.04603407,2.07859177243
343,352,0.07422207,13211.944,54178.04,0.32913828,0.033804096,2.0850516376700003
344,353,0.08383120599999999,8587.3955,27905.77,0.32655743,0.06455426,2.1126478551599996
345,354,0.089900315,7588.1377,23835.246,0.30744737,0.06488065400000001,2.07158267636
346,355,0.08210489,13292.899,40633.61,0.30704683,0.040654466,2.09128393174
347,356,0.10228876,15092.523000000001,41155.15,0.28455025,0.051129375,2.1090077601
348,357,0.08112155,14879.389,49733.617,0.32981196,0.0354939,2.08614412374
349,358,0.08315587,15069.407,49967.492,0.3099017,0.03657447,2.0860635824
350,359,0.106404364,14765.633999999998,47018.918,0.3072189,0.045326725,2.0801585173099997
351,360,0.08700234400000001,15568.933,40107.98,0.26788133,0.04280363,2.08988848583
352,361,0.20658089,12613.636999999999,26975.115,0.29055429,0.056669015,2.0873180445700004
353,362,0.10874562,10370.369,20472.475,0.25469545,0.069129564,2.07990921542
354,363,0.07841639,15767.104,44951.996,0.27641132,0.03738152,2.08123258417
355,364,0.13411888,10188.714,18592.244,0.26352262,0.07175454,2.0912108510799996
356,365,0.19275837,7451.365,13559.3545,0.48665562,0.08762170400000001,2.1869359365900003
357,366,0.09354206,16661.768,47818.88,0.2996311,0.040552787,2.0946246240599997
358,367,0.10141684,16675.683999999997,43715.66,0.30591312,0.040813003,2.08280951392
359,368,0.057623398,15118.206,86210.055,0.38238838,0.033554584,2.10129481002
360,369,0.07006331,12867.468,61120.496,0.38332593,0.030472135,2.0962603495099996
361,370,0.07706036,10605.618999999999,32708.432,0.26730585,0.05931229,2.10164467924
362,371,0.066302024,12688.486,51156.437999999995,0.30728215,0.04915526,2.08013569732
363,372,0.07068105,11136.969,43325.31,0.31895830000000003,0.049344413,2.09526529157
364,373,0.071239315,9422.712,32720.754,0.29791823,0.05839739,2.09931478332
365,374,0.07023145,17407.1,81042.3,0.3459271,0.031202272000000003,2.0843631818
366,375,0.061301388,27780.479,146971.33,0.36266570000000004,0.02405596,2.0851654130400004
367,376,0.19421461,1440.2584,2246.591,0.4096687,0.13123536,2.1046438997
368,377,0.1147595,10736.591999999999,22704.936,0.2590507,0.06470752,2.08132589425
369,378,0.07343397,8840.517,26237.045,0.29216820000000004,0.060247622,2.08951859991
370,379,0.08117957,13018.708999999999,36933.945,0.25600657,0.048227905999999994,2.0899380210799996
371,380,0.06754766,18557.572,73985.17,0.30381426,0.03475158,2.09278957864
372,381,0.06664884,18659.504,77679.96,0.33653617,0.029566703,2.1032609669099998
373,382,0.07914893,14636.635,51805.02,0.33624163,0.040054407,2.09322744784
374,383,0.109083846,12331.364,27540.121,0.27092849999999996,0.05481547,2.0786495985499998
375,384,-0.028278865,6461.5356,12048.021,0.43664944,0.7957623,2.15831724874
376,385,0.056677066,28960.107000000004,178349.55,0.37252024,0.025162612999999997,2.08677808444
377,386,0.07892658,19101.438000000002,76482.234,0.3042838,0.043912507999999996,2.09140081588
378,387,0.08697087,8418.681999999999,20472.66,0.26644309999999993,0.06719424,2.08728697114
379,388,0.06861358,15079.913999999999,71322.33,0.36038482,0.030506383999999998,2.0819220702
380,389,0.08950246,11987.386,28420.89,0.25362173,0.049659315,2.09138267162
381,390,0.39450482,14347.35,22348.998,0.4438188,0.09619337,2.17340818888
382,391,0.11221856599999999,11029.336000000001,19983.113,0.21655294,0.05952984,2.0805483091099997
383,392,0.055471715,27391.062,170268.17,0.38741463,0.02292339,2.09459644477
384,393,0.096111685,15006.753999999999,51088.98,0.29974172,0.05248213,2.1067935754
385,394,0.08266677,8372.777,31981.154,0.36337137,0.049806487,2.09279960666
386,395,0.08649408,10637.011999999999,36553.832,0.32163736,0.043436542,2.08209976525
387,396,0.09722903,13791.389,37045.363,0.26965648,0.05091195,2.09488208163
388,397,0.07718024400000001,18516.502,66759.25,0.32707270000000005,0.034833382999999996,2.08949728152
389,398,0.07276239999999999,20014.625,68150.99,0.27822876,0.036400896,2.08546122146
390,399,0.08599497,10309.9,33245.73,0.32375693,0.04130998,2.0818173839200003
391,400,0.10491965,8839.708,22718.95,0.32177553,0.06803241,2.08447697466
392,401,0.09408232,11687.931999999999,33220.78,0.32865533,0.046945244000000004,2.0911070092700004
393,402,0.13670917,6912.965,13821.732,0.37040183,0.07446077,2.19000137639
394,403,0.06010388,15610.93,69238.625,0.34396905,0.05406935,2.09215950825
395,404,0.10180452,26730.49,73960.31,0.2752079,0.041207112000000004,2.07646691519
396,405,0.09766115,30341.112999999998,105645.61,0.30340090000000003,0.03904491,2.0911853754700003
397,406,0.09067779,23346.487999999998,75078.664,0.30473626,0.034564354,2.07341984554
398,407,0.08938387,13911.423,40051.227,0.30242290000000005,0.04231105,2.09375669681
399,408,0.12379360000000002,23934.416,59005.84,0.24847421,0.046687476,2.07143794694
400,409,0.09309764,14538.589,36901.71,0.27252185,0.043915287000000004,2.08468181198
401,410,0.42608783,6617.776,11642.776000000002,0.466311,0.17733173,2.14718352002
402,411,0.22606272,1325.7554,1845.7838,0.47804245,0.11631877,2.0688980463499997
403,412,0.1221751,25625.139,64810.85,0.29024717,0.046175778,2.08302425402
404,413,0.07325781,18453.879,69802.42,0.32375327,0.030651873,2.07657354788
405,414,0.12003512,26260.615,76807.81,0.28746852,0.046328100000000004,2.07327401117
406,415,0.09405755,37188.504,123990.74,0.31150246,0.03420666,2.0863093725
407,416,0.36922225,12953.002,26931.07,0.3874026,0.067878254,2.13472841271
408,417,0.11299022,29397.53,88384.28,0.29371557,0.04190826,2.08376350124
409,418,0.10184261,15245.148000000001,37770.004,0.31104437,0.04558923,2.0813378917299996
410,419,0.07733662,14443.253999999999,46639.844000000005,0.29094362,0.040204324,2.08207180612
411,420,0.10422495,16798.996,42160.51,0.27373818,0.043568674,2.07916796162
412,421,0.1750036,30405.887000000002,79369.24,0.273423,0.057296797999999996,2.0840110920400003
413,422,0.099792495,16124.221000000001,44930.547,0.29337716,0.04527682,2.0869717312200002
414,423,0.1903555,5072.715999999999,10175.179,0.43481207,0.10910805,2.16924767216
415,424,0.06557967,11771.243999999999,49103.844000000005,0.33918354,0.04264529,2.0925987607
416,425,0.100216255,14895.755,44076.79,0.302788,0.04615147,2.0967448216299998
417,426,0.08642198,10572.441,29842.76,0.28435609999999995,0.06111847,2.1156914589099998
418,427,0.07226809,22117.39,85363.85,0.31505814,0.02778338,2.08629771525
419,428,0.09814449,10196.409,22826.597999999998,0.24949707,0.06575158,2.09826512088
420,429,0.0921119,15376.402,43881.445,0.29652116,0.03834606,2.08553466981
421,430,0.12551400000000001,20762.828,55523.145,0.2750189,0.051688578,2.08312302091
422,431,0.095666714,10672.339,35797.547,0.31345946,0.05095161,2.11318651613
423,432,0.06344254,14531.878999999999,64849.246,0.34907734,0.03743032,2.09356764252
424,433,0.06266883,12870.405,67952.24,0.40679088,0.027611941,2.08880772049
425,434,0.06947382,15146.821000000002,64901.92,0.33583307,0.03677638,2.08673416315
426,435,0.0019756345999999998,21442.947,80991.99,0.29160306,0.24959049,2.08481643435
427,436,0.07088816,9930.0625,30476.395,0.2665008,0.062811084,2.09618868579
428,437,-4.769576,10417.280999999999,48343.113,0.3797509,10.11111,2.1070721092299998
429,438,0.070797496,19547.912,84214.98,0.34299037,0.02979938,2.0766128478
430,439,0.20207013,7480.0825,14094.838,0.37584429999999996,0.2847567,2.17759203951
431,440,0.08310598,14873.401000000002,42952.707,0.28230429999999995,0.04036862,2.0840074689200003
432,441,0.08111573,14374.475,48104.473,0.31802422,0.038164485,2.07835360188
433,442,0.15910369,2647.3109999999997,5041.569,0.39898944,0.10900053,2.0986322451099997
434,443,0.20111893,14490.646999999999,34870.37,0.27497542,0.09460679,2.0899116885
435,444,0.06717582,13508.036,47464.316,0.29251950000000004,0.039783887999999996,2.08570647651
436,445,0.31719124,749.8064,828.7734,0.43689540000000004,0.18569563,2.0816571210299997
437,446,0.07468867,20453.8,77828.62,0.29123795,0.03999584,2.0837756092
438,447,0.07343489,19687.717,75088.23,0.3196102,0.033343066,2.08388415899
439,448,0.11052024,29028.537,83018.17,0.29136303,0.03954641,2.0899653164200003
440,449,0.09348608,15062.571000000002,41780.316,0.30692527,0.038335633,2.09836516663
441,450,0.09560352,30976.395,88948.6,0.25455385,0.03697072,2.08077173091
442,451,0.09658145,16033.955,44622.504,0.2837657,0.03993655,2.08797070314
443,452,0.07468522,20420.914,105085.95,0.34601724,0.031171992000000003,2.09151206463
444,453,0.07530988,20994.361,97577.9,0.33186468,0.033255863999999996,2.0934960299200003
445,454,0.0759429,13360.583,43631.29,0.24365889,0.05431933,2.10724172369
446,455,0.069519185,24970.387000000002,102275.69,0.29927504,0.033513155,2.09065826644
447,456,0.090299115,16022.063999999998,44240.703,0.28847736,0.044531886,2.08992848726
448,457,0.06339047,17178.176,83108.984,0.36872643,0.025196327,2.08376427241
449,458,0.07735693,19446.154,65143.585999999996,0.2785848,0.041250307,2.08088514842
450,459,0.07485845,18918.857,82271.93,0.3629162,0.03407828,2.0945130939
451,460,0.07053367,21555.824,85214.234,0.33019996,0.028617946000000002,2.08200638369
452,461,0.102454185,14793.372,41927.613,0.316676,0.04629242,2.08779946882
453,462,0.33478397,13306.485,28014.521,0.40190044,0.08144566,2.06725968113
454,463,0.10183471,14330.858999999999,40750.844,0.30282682,0.04450129,2.09959817915
455,464,0.08008586599999999,21373.0,70992.266,0.31794384,0.031463612,2.08488836364
456,465,0.075112715,23573.371,89742.17,0.31039673,0.027048904,2.0783685721
457,466,0.06896873,20679.006,84451.67,0.33176926,0.026368817000000003,2.08701219196
458,467,0.24656561,1589.7748,1936.4753,0.44540763,0.1296287,2.19553800821
459,468,0.13889056,7379.996,12104.975,0.2610779,0.07464817,2.07876006598
460,469,0.1110344,11755.114,29501.145,0.31323153,0.050677705999999996,2.07469382961
461,470,0.129121,9473.688,18179.336,0.2967509,0.066188626,2.0941927195299996
462,471,0.06413679,12807.514,67224.51,0.35239413,0.03382462,2.09539254221
463,472,0.04073453,21756.834,91793.555,0.29519520000000005,0.120574266,2.0923028183700003
464,473,0.07613486,12532.312,53392.77,0.3533958,0.035432205,2.0825237734999997
465,474,0.06562172,14234.878999999999,66241.16,0.3595988,0.033725977000000004,2.08782397004
466,475,0.07611675,10471.155,33676.94,0.26371497,0.058512617,2.0859224155300002
467,476,0.07574971,20671.83,82110.93,0.3236138,0.033419654,2.08858153468
468,477,0.08612712,17348.762,57519.6,0.29747748,0.039397076,2.08061541561
469,478,0.15181619,14117.091999999999,38555.684,0.31656948,0.052890732999999995,2.06904118959
470,479,0.08291595,12076.419,43455.97,0.34901709999999997,0.033586055,2.08232254138
471,480,0.08659552,19516.518,61967.734000000004,0.2911278,0.03609962,2.0875144382700004
472,481,0.085216716,13240.958,45570.797,0.35413277,0.035136465,2.08798284577
473,482,0.029409569,15240.195,68201.89,0.32665202,0.10600925,2.08739960322
474,483,0.61442065,20659.502,48420.46,0.32137024,0.10628795,2.07610250138
475,484,0.27695283,12232.143999999998,23263.267999999996,0.26233795,0.08011538,2.07619695722
476,485,0.085303724,16760.63,51660.223,0.29445112,0.03581059,2.0865317494299997
477,486,1.458104,7353.8193,13399.323999999999,0.35128656,1.8404452,2.0507058395400004
478,487,0.09045489,14436.966999999999,39259.03,0.30982873,0.04215769,2.08720207365
479,488,0.24589428,723.68317,1015.5339,0.41047028,0.15416308,2.11033925752
480,489,0.09520838400000001,17002.436,46390.473,0.28570685,0.04200231,2.08131834755
481,490,0.06684778,15363.383,73724.55,0.36348027,0.029242677999999998,2.08128373552
482,491,0.08384689999999999,10364.574,27229.234,0.2805554,0.058864255,2.0959276541900005
483,492,0.10469501,30894.506,96540.07,0.26749359999999994,0.043550125999999995,2.08832266683
484,493,0.08160366,21319.492000000002,73570.88,0.29365483,0.034335382000000005,2.07911298939
485,494,0.18603908,19518.01,49155.34,0.2674494,0.050155744,2.070027559
486,495,0.235091,21614.82,52141.945,0.30168340000000005,0.061834785999999996,2.0846634363799996
487,496,0.10606347,29678.14,87163.81,0.32434037,0.034743555,2.09626042729
488,497,0.082055524,26319.717,94434.49,0.3249752,0.03091059,2.0846333606400003
489,498,0.13266544,1497.6622,2797.0999,0.34203067,0.09353715,2.12486546845
490,499,0.0876742,18457.244,54498.8,0.29852024,0.03691849,2.0870544509099997
491,500,0.063949436,10598.59,51590.57,0.33374906,0.046013534,2.1103265261
492,501,0.0651055,16149.64,76415.9,0.34417272,0.03256634,2.0873709567299996
493,502,0.080602616,11797.785,41377.336,0.29932153,0.047179673,2.09669375912
494,503,0.05714884,20811.06,112512.61,0.35944018,0.0287265,2.09226387917
495,504,0.8452789,9760.808,25131.854,0.34572020000000003,1.0473578000000001,2.11536537686
496,505,0.070525326,19223.799,83797.3,0.34530574,0.02916475,2.08058485291
497,506,0.07753125599999999,17299.355,55189.23,0.28666005,0.04012517,2.09516615844
498,507,0.16418837,17580.387,39151.703,0.30046734,0.06549387,2.05734588271
499,508,0.104329325,17224.646,61889.957,0.30975574,0.043044254000000004,2.08199337346
500,509,0.08333072,27073.736,88774.03,0.28042975,0.03418874,2.08114489857
501,510,0.09194798,25550.246,93515.07,0.33154577,0.037867103,2.07550973591
502,511,0.066298395,20732.299,83342.35,0.31221148,0.034048483,2.08621170337
503,512,0.07891505,11197.987,43919.793,0.37033144,0.036344394,2.08192566252
504,513,0.087317474,10546.257,35160.437999999995,0.3171503,0.045364123,2.0768841997400003
505,514,0.07978210000000001,19531.232,68165.99,0.32939252,0.031096544,2.08047803418
506,515,0.11155518,11343.413,25048.975,0.28337234,0.06281319,2.09078984685
507,516,0.08153986,21840.283,75533.33,0.31457657,0.033729102000000004,2.09816383224
508,517,0.13315453,12231.868,30413.827999999998,0.37188563,0.062278327,2.09803489968
509,518,0.09967871,11619.208999999999,36072.36,0.32496342,0.04519515,2.0919304572599997
510,519,0.083388604,13804.589,45472.273,0.3381752,0.034612067,2.0801216391799997
511,520,0.08832939,17120.883,51647.19,0.2950639,0.038328696,2.08818040812
512,521,0.07366271,20152.865,65750.67,0.28539947,0.03249435,2.0843200867099996
513,522,0.22949995,11067.971000000001,16039.341999999999,0.39623278,0.08310033,2.0982966651700004
514,523,0.086570896,13367.503,43300.062000000005,0.32181078,0.041119456,2.07991143385
515,524,-0.20278591,17154.404,40554.49,0.28933963,1.3822148,2.08994183696
516,525,0.08905726,18203.2,57039.414000000004,0.3068667,0.03693448,2.0897429233700002
517,526,1.3752431999999999,18660.683999999997,39335.57,0.29889965,0.1375283,2.09001278807
518,527,0.07955503,14402.007,42344.5,0.26465446,0.044718325,2.08880433757
519,528,0.070816696,17370.803,69359.32,0.34180233,0.027830344,2.08456844755
520,529,0.10793955,13992.578000000001,41217.49,0.28594726,0.045248515999999996,2.07512463531
521,530,0.09134249400000001,11017.694,26420.71,0.24022363,0.054582987,2.09410270909
522,531,0.06608131,17039.215,76734.49,0.34447917,0.029055392000000003,2.08585175752
523,532,0.17155045,7484.099,13400.061000000002,0.3945212,0.07810594,2.23248972893
524,533,0.11697957,12293.796,27301.42,0.31027362,0.054667797000000004,2.0603379264200004
525,534,0.08382993,15069.923,48603.265999999996,0.31510794,0.041848272,2.0864238365200003
526,535,0.11362388,11033.543,28277.117000000002,0.3010107,0.05842685,2.09475466249
527,536,0.07866218,15642.935,40270.094,0.24490896,0.03994755,2.09446862706
528,537,0.085046865,15439.856000000002,54450.883,0.3376571,0.034739137,2.08227830863
529,538,0.09111453,11938.886,33023.492,0.29433614,0.047269184000000006,2.0871570636400003
530,539,-2.7495706,11166.704,24686.162,0.39755946,10.998555,2.12705573608
531,540,0.13450587,9164.606,17150.574,0.3539578,0.3718685,2.0676038875
532,541,0.21857849,3637.3586,5794.651999999999,0.49417403,0.10507939999999999,2.37923839818
533,542,0.08068952,16435.592,51531.277,0.3124838,0.037668817,2.08824156385
534,543,0.091147274,16920.252,56900.75,0.36321625,0.035566524,2.08508394554
535,544,0.097473696,17240.88,52766.957,0.32468924,0.042751048,2.0844827523400005
536,545,0.08418793,11766.266000000001,38952.273,0.34445375,0.036406077,2.08683014039
537,546,0.21907932,12096.853000000001,27954.193,0.35828072,0.07991707,2.10981895691
538,547,0.17580645,7253.7974,14686.376,0.43085766,0.072949864,2.1002910728099997
539,548,0.100166164,12847.498,28205.433999999997,0.24181153,0.05290689,2.0962485092
540,549,0.083464175,15423.656,48121.79,0.28376597,0.03914612,2.0854680919999997
541,550,0.12744552,9346.136999999999,18871.797,0.32401997,0.12205138,2.12081373826
542,551,0.17619865,10074.937,33158.387,0.29856524,0.053859815,2.09348763634
543,552,0.088720545,7848.794,21072.455,0.31297192,0.065734364,2.07782231687
544,553,0.067170665,19214.389,86644.31,0.34746787,0.028002958999999997,2.07711288127
545,554,0.12717311,12491.535,29515.722999999998,0.27153486,0.06313434,2.1037109649400003
546,555,0.0804154,12610.115,41766.5,0.31070203,0.03487252,2.0826576241
547,556,0.07582187,18584.02,69474.65,0.33471212,0.033765998,2.09019871109
548,557,0.07553712,20769.887,79727.125,0.34827337,0.031656716,2.08661967588
549,558,0.12653042,5120.8486,12555.433,0.36676162,0.08327821,2.09040235305
550,559,0.07918069,17309.311999999998,64810.504,0.33223438,0.034105487000000004,2.0926010083400004
551,560,0.08338541,11769.828000000001,36973.586,0.2956435,0.041466743,2.08159686137
552,561,0.15993734,12603.646,27547.553,0.2739687,0.06102764,2.14205256166
553,562,0.10843828,15547.117,31547.088,0.26500326,0.044878967,2.1152808472299998
554,563,0.17392023,8375.872,17015.074,0.40567753,0.08144593,2.26207202073
555,565,0.07656383,20319.205,79553.15,0.35898179999999996,0.030394375,2.0893401826599995
556,566,0.07720741,17957.94,59916.335999999996,0.31772768,0.031843934,2.08846185599
557,567,0.07766811,18082.852,50375.703,0.27929854,0.035772245,2.08493863073
558,568,0.07646601,10211.83,31860.574,0.26561993,0.057094675,2.1096098539700003
559,569,0.06848754,16738.0,76221.875,0.33705857,0.030149095,2.0851179705200003
560,570,0.07203107,11727.33,43914.24,0.34007472,0.038831167,2.09569821395
561,571,0.07982710000000001,13650.896,42652.1,0.31272894,0.04032302,2.0870925310599997
562,572,-0.17900881,15577.701000000001,65231.027,0.34585705,0.5592154,2.0957544799
563,573,0.08401084,11160.184,32907.43,0.28618119999999997,0.048501123,2.10708228924
564,575,0.094457075,16931.63,41336.562000000005,0.28617909999999996,0.035311777,2.0857580113900003
565,576,0.11736404,13887.24,29031.314,0.26797265,0.05310864,2.08857790131
566,577,0.10617578,17689.363,45220.11,0.2733316,0.04795491,2.08356101745
